<?xml version="1.0" encoding="utf-8" ?>
<dwsync>
<file name="almacen_form.php" server="granadosllantas.com//public_html/" local="130021047141157770" remote="130039960200000000" Dst="0" />
<file name="almacen_reg.php" server="granadosllantas.com//public_html/" local="130003191502010520" remote="130039960200000000" Dst="0" />
<file name="almacen_vista.php" server="granadosllantas.com//public_html/" local="130022699146388434" remote="130039960200000000" Dst="0" />
<file name="cAlmacen.php" server="granadosllantas.com//public_html/" local="129990718603098382" remote="130039960200000000" Dst="0" />
<file name="cmb_alm_id.php" server="granadosllantas.com//public_html/" local="129990718696543727" remote="130039960200000000" Dst="0" />
<file name="almacen_tabla.php" server="granadosllantas.com//public_html/" local="129986190624390081" remote="130039960200000000" Dst="0" />
<file name="almacen_form.php" server="ftp.a-zetasoft.com" local="130021047141157770" remote="130039591800000000" Dst="0" />
<file name="almacen_tabla.php" server="ftp.a-zetasoft.com" local="129986190624390081" remote="129998136600000000" Dst="0" />
<file name="almacen_vista.php" server="ftp.a-zetasoft.com" local="130022699146388434" remote="130039591800000000" Dst="0" />
<file name="almacen_reg.php" server="ftp.a-zetasoft.com" local="130003191502010520" remote="130019125800000000" Dst="0" />
<file name="cAlmacen.php" server="ftp.a-zetasoft.com" local="129990718603098382" remote="129998136600000000" Dst="0" />
<file name="cmb_alm_id.php" server="ftp.a-zetasoft.com" local="129990718696543727" remote="129998136600000000" Dst="0" />
<file name="index.php" server="ftp.a-zetasoft.com" local="129986190635490716" remote="129998136600000000" Dst="0" />
<file name="index.php" server="granadosllantas.com//public_html/" local="129986190635490716" remote="130039960200000000" Dst="0" />
<file name="almacen_form.php" server="fotografiachiclayo.com//public_html/" local="130021047141157770" remote="130024069800000000" Dst="0" />
<file name="almacen_vista.php" server="fotografiachiclayo.com//public_html/" local="130022699146388434" remote="130024069800000000" Dst="0" />
<file name="almacen_reg.php" server="fotografiachiclayo.com//public_html/" local="130003191502010520" remote="130012020600000000" Dst="0" />
<file name="cAlmacen.php" server="fotografiachiclayo.com//public_html/" local="129990718603098382" remote="130002651600000000" Dst="0" />
<file name="almacen_tabla.php" server="fotografiachiclayo.com//public_html/" local="129986190624390081" remote="130002651600000000" Dst="0" />
<file name="cmb_alm_id.php" server="fotografiachiclayo.com//public_html/" local="129990718696543727" remote="130002651600000000" Dst="0" />
<file name="index.php" server="fotografiachiclayo.com//public_html/" local="129986190635490716" remote="130002651600000000" Dst="0" />
</dwsync>