<?xml version="1.0" encoding="utf-8" ?>
<dwsync>
<file name="cConductor.php" server="ftp.a-zetasoft.com" local="130014092790974968" remote="130013076600000000" Dst="0" />
<file name="cmb_con_id.php" server="ftp.a-zetasoft.com" local="130014092790984968" remote="130013076600000000" Dst="0" />
<file name="conductor_complete_doc.php" server="ftp.a-zetasoft.com" local="130014092791044972" remote="130013076600000000" Dst="0" />
<file name="conductor_complete_nom.php" server="ftp.a-zetasoft.com" local="130014092843977999" remote="130013076600000000" Dst="0" />
<file name="conductor_form.php" server="ftp.a-zetasoft.com" local="130014092843988000" remote="130013076600000000" Dst="0" />
<file name="conductor_reg.php" server="ftp.a-zetasoft.com" local="130014092844098006" remote="130013076600000000" Dst="0" />
<file name="conductor_vista.php" server="ftp.a-zetasoft.com" local="130022699975455038" remote="130039592400000000" Dst="0" />
<file name="conductor_tabla.php" server="ftp.a-zetasoft.com" local="130014092898511118" remote="130013076600000000" Dst="0" />
<file name="index.php" server="ftp.a-zetasoft.com" local="130014092898651126" remote="130013076600000000" Dst="0" />
<file name="cConductor.php" server="granadosllantas.com//public_html/" local="130014092790974968" remote="130039962000000000" Dst="0" />
<file name="cmb_con_id.php" server="granadosllantas.com//public_html/" local="130014092790984968" remote="130039962000000000" Dst="0" />
<file name="conductor_complete_doc.php" server="granadosllantas.com//public_html/" local="130014092791044972" remote="130039962000000000" Dst="0" />
<file name="conductor_complete_nom.php" server="granadosllantas.com//public_html/" local="130014092843977999" remote="130039962000000000" Dst="0" />
<file name="conductor_form.php" server="granadosllantas.com//public_html/" local="130014092843988000" remote="130039962000000000" Dst="0" />
<file name="conductor_reg.php" server="granadosllantas.com//public_html/" local="130014092844098006" remote="130039962000000000" Dst="0" />
<file name="conductor_tabla.php" server="granadosllantas.com//public_html/" local="130014092898511118" remote="130039962000000000" Dst="0" />
<file name="conductor_vista.php" server="granadosllantas.com//public_html/" local="130022699975455038" remote="130039962000000000" Dst="0" />
<file name="index.php" server="granadosllantas.com//public_html/" local="130014092898651126" remote="130039962000000000" Dst="0" />
<file name="cmb_con_id.php" server="fotografiachiclayo.com//public_html/" local="130014092790984968" remote="130024069800000000" Dst="0" />
<file name="cConductor.php" server="fotografiachiclayo.com//public_html/" local="130014092790974968" remote="130024070400000000" Dst="0" />
<file name="conductor_complete_doc.php" server="fotografiachiclayo.com//public_html/" local="130014092791044972" remote="130024070400000000" Dst="0" />
<file name="conductor_form.php" server="fotografiachiclayo.com//public_html/" local="130014092843988000" remote="130024070400000000" Dst="0" />
<file name="conductor_complete_nom.php" server="fotografiachiclayo.com//public_html/" local="130014092843977999" remote="130024070400000000" Dst="0" />
<file name="conductor_reg.php" server="fotografiachiclayo.com//public_html/" local="130014092844098006" remote="130024070400000000" Dst="0" />
<file name="conductor_vista.php" server="fotografiachiclayo.com//public_html/" local="130022699975455038" remote="130024070400000000" Dst="0" />
<file name="conductor_tabla.php" server="fotografiachiclayo.com//public_html/" local="130014092898511118" remote="130024070400000000" Dst="0" />
<file name="index.php" server="fotografiachiclayo.com//public_html/" local="130014092898651126" remote="130024070400000000" Dst="0" />
</dwsync>