<?xml version="1.0" encoding="utf-8" ?>
<dwsync>
<file name="cCuenta.php" server="granadosllantas.com//public_html/" local="130045589606633180" remote="130086724200000000" Dst="0" />
<file name="cElemento.php" server="granadosllantas.com//public_html/" local="130045589622124066" remote="130086724200000000" Dst="0" />
<file name="cmb_subcue_id.php" server="granadosllantas.com//public_html/" local="130045614478275756" remote="130086724200000000" Dst="0" />
<file name="cSubcuenta.php" server="granadosllantas.com//public_html/" local="130046937967378281" remote="130086724200000000" Dst="0" />
<file name="index.php" server="granadosllantas.com//public_html/" local="130045586980192956" remote="130086724200000000" Dst="0" />
<file name="cmb_cue_id.php" server="granadosllantas.com//public_html/" local="130045614381710233" remote="130086724200000000" Dst="0" />
<file name="manCuentas.php" server="granadosllantas.com//public_html/" local="130064124338650604" remote="130064124000000000" Dst="0" />
<file name="rCuenta.php" server="granadosllantas.com//public_html/" local="130045594945878567" remote="130086724200000000" Dst="0" />
<file name="rSubcuenta.php" server="granadosllantas.com//public_html/" local="130045597480833558" remote="130086724200000000" Dst="0" />
<file name="cCuenta.php" server="ftp.a-zetasoft.com" local="130045589606633180" remote="130048174200000000" Dst="0" />
<file name="cElemento.php" server="ftp.a-zetasoft.com" local="130045589622124066" remote="130048174200000000" Dst="0" />
<file name="cmb_cue_id.php" server="ftp.a-zetasoft.com" local="130045614381710233" remote="130048174200000000" Dst="0" />
<file name="cmb_subcue_id.php" server="ftp.a-zetasoft.com" local="130045614478275756" remote="130048174200000000" Dst="0" />
<file name="cSubcuenta.php" server="ftp.a-zetasoft.com" local="130046937967378281" remote="130048174200000000" Dst="0" />
<file name="index.php" server="ftp.a-zetasoft.com" local="130045586980192956" remote="130048174200000000" Dst="0" />
<file name="manCuentas.php" server="ftp.a-zetasoft.com" local="130045594048047214" remote="130048174200000000" Dst="0" />
<file name="rCuenta.php" server="ftp.a-zetasoft.com" local="130045594945878567" remote="130048174200000000" Dst="0" />
<file name="rSubcuenta.php" server="ftp.a-zetasoft.com" local="130045597480833558" remote="130048174200000000" Dst="0" />
</dwsync>