<?xml version="1.0" encoding="utf-8" ?>
<dwsync>
<file name="caja_filtro.php" server="granadosllantas.com//public_html/" local="130084506300491703" remote="130086701400000000" Dst="0" />
<file name="caja_tabla_gasto.php" server="granadosllantas.com//public_html/" local="130064598113141340" remote="130064604600000000" Dst="0" />
<file name="caja_tabla_ingreso.php" server="granadosllantas.com//public_html/" local="130085833888875725" remote="130086701400000000" Dst="0" />
<file name="caja_tabla_saldo.php" server="granadosllantas.com//public_html/" local="130064598723936275" remote="130064604600000000" Dst="0" />
<file name="caja_vista.php" server="granadosllantas.com//public_html/" local="130085555777678619" remote="130086701400000000" Dst="0" />
<file name="cFlujo.php" server="granadosllantas.com//public_html/" local="130064596096285982" remote="130064604600000000" Dst="0" />
<file name="flujo_filtro_vista.php" server="granadosllantas.com//public_html/" local="130064596224993344" remote="130064604600000000" Dst="0" />
<file name="flujo_filtro_tabla.php" server="granadosllantas.com//public_html/" local="130064596224773331" remote="130064604600000000" Dst="0" />
<file name="flujo_vista.php" server="granadosllantas.com//public_html/" local="130064596227113465" remote="130064604600000000" Dst="0" />
<file name="flujo_tabla.php" server="granadosllantas.com//public_html/" local="130064596225433369" remote="130064604600000000" Dst="0" />
<file name="gastos_detalle.php" server="granadosllantas.com//public_html/" local="130064596227213471" remote="130064604600000000" Dst="0" />
<file name="gastos_detalle_tabla.php" server="granadosllantas.com//public_html/" local="130064596227323477" remote="130064604600000000" Dst="0" />
<file name="index.php" server="granadosllantas.com//public_html/" local="130064596461796888" remote="130064604600000000" Dst="0" />
<file name="ingresos_detalle.php" server="granadosllantas.com//public_html/" local="130064596227503487" remote="130064604600000000" Dst="0" />
<file name="ingresos_detalle_tabla.php" server="granadosllantas.com//public_html/" local="130064596227613494" remote="130064604600000000" Dst="0" />
</dwsync>