<?xml version="1.0" encoding="utf-8" ?>
<dwsync>
<file name="cFlujo.php" server="granadosllantas.com//public_html/" local="130046142075495285" remote="130230199800000000" Dst="0" />
<file name="flujo_filtro_vista.php" server="granadosllantas.com//public_html/" local="129936694693589291" remote="130230199800000000" Dst="0" />
<file name="flujo_filtro_tabla.php" server="granadosllantas.com//public_html/" local="129760424022047783" remote="130230199800000000" Dst="0" />
<file name="flujo_vista.php" server="granadosllantas.com//public_html/" local="130046929669303659" remote="130230199800000000" Dst="0" />
<file name="flujo_tabla.php" server="granadosllantas.com//public_html/" local="130046934183851876" remote="130230199800000000" Dst="0" />
<file name="index.php" server="granadosllantas.com//public_html/" local="130046137543316059" remote="130230199800000000" Dst="0" />
<file name="gastos_detalle.php" server="granadosllantas.com//public_html/" local="130086713763207056" remote="130086715800000000" Dst="0" />
<file name="gastos_detalle_tabla.php" server="granadosllantas.com//public_html/" local="130086717626538026" remote="130086718800000000" Dst="0" />
<file name="ingresos_detalle.php" server="granadosllantas.com//public_html/" local="130086712589429920" remote="130086712200000000" Dst="0" />
<file name="ingresos_detalle_tabla.php" server="granadosllantas.com//public_html/" local="130059877548630640" remote="130230199800000000" Dst="0" />
<file name="cFlujo.php" server="ftp.a-zetasoft.com" local="130046142075495285" remote="130048174800000000" Dst="0" />
<file name="flujo_filtro_vista.php" server="ftp.a-zetasoft.com" local="129936694693589291" remote="130048174800000000" Dst="0" />
<file name="flujo_filtro_tabla.php" server="ftp.a-zetasoft.com" local="129760424022047783" remote="130048174800000000" Dst="0" />
<file name="flujo_vista.php" server="ftp.a-zetasoft.com" local="130046929669303659" remote="130048174800000000" Dst="0" />
<file name="flujo_tabla.php" server="ftp.a-zetasoft.com" local="130046934183851876" remote="130048174800000000" Dst="0" />
<file name="gastos_detalle.php" server="ftp.a-zetasoft.com" local="130046948982138290" remote="130048174800000000" Dst="0" />
<file name="gastos_detalle_tabla.php" server="ftp.a-zetasoft.com" local="130046952734512913" remote="130048174800000000" Dst="0" />
<file name="index.php" server="ftp.a-zetasoft.com" local="130046137543316059" remote="130048174800000000" Dst="0" />
<file name="ingresos_detalle.php" server="ftp.a-zetasoft.com" local="130046948642648872" remote="130048175400000000" Dst="0" />
<file name="ingresos_detalle_tabla.php" server="ftp.a-zetasoft.com" local="130046950887927294" remote="130048175400000000" Dst="0" />
<file name="caja_filtro.php" server="granadosllantas.com//public_html/" local="130082784225581271" remote="130083649200000000" Dst="0" />
<file name="caja_tabla_gasto.php" server="granadosllantas.com//public_html/" local="130230201657845331" remote="130230201600000000" Dst="0" />
<file name="caja_tabla_ingreso.php" server="granadosllantas.com//public_html/" local="130228025233561275" remote="130230199800000000" Dst="0" />
<file name="caja_tabla_saldo.php" server="granadosllantas.com//public_html/" local="130228056905432802" remote="130230199800000000" Dst="0" />
<file name="caja_vista.php" server="granadosllantas.com//public_html/" local="130099608408408199" remote="130100620800000000" Dst="0" />
<file name="caja_reporte.php" server="granadosllantas.com//public_html/" local="130380044960483583" remote="130380045000000000" Dst="0" />
</dwsync>