<?xml version="1.0" encoding="utf-8" ?>
<dwsync>
<file name="index.php" server="ftp.a-zetasoft.com" local="129971693160746721" remote="129998142600000000" Dst="0" />
<file name="categoria_form.php" server="ftp.a-zetasoft.com" local="130021046517792115" remote="130039591800000000" Dst="0" />
<file name="categoria_form.php" server="granadosllantas.com//public_html/" local="130021046517792115" remote="130039961400000000" Dst="0" />
<file name="categoria_reg.php" server="granadosllantas.com//public_html/" local="129971636135085040" remote="130039961400000000" Dst="0" />
<file name="categoria_tabla.php" server="granadosllantas.com//public_html/" local="130032070459570180" remote="130039961400000000" Dst="0" />
<file name="categoria_vista.php" server="granadosllantas.com//public_html/" local="130022699532341711" remote="130039961400000000" Dst="0" />
<file name="cmb_cat_id.php" server="granadosllantas.com//public_html/" local="129983887706874789" remote="130039961400000000" Dst="0" />
<file name="cCategoria.php" server="granadosllantas.com//public_html/" local="129865066012928977" remote="130039961400000000" Dst="0" />
<file name="categoria_vista_arbol.php" server="granadosllantas.com//public_html/" local="129971632802324417" remote="130039961400000000" Dst="0" />
<file name="cmb_cat_idp.php" server="granadosllantas.com//public_html/" local="129971636135485063" remote="130039961400000000" Dst="0" />
<file name="index.php" server="granadosllantas.com//public_html/" local="129971693160746721" remote="130039961400000000" Dst="0" />
<file name="categoria_reg.php" server="ftp.a-zetasoft.com" local="129971636135085040" remote="129998142600000000" Dst="0" />
<file name="categoria_tabla.php" server="ftp.a-zetasoft.com" local="130032070459570180" remote="130039591800000000" Dst="0" />
<file name="categoria_vista.php" server="ftp.a-zetasoft.com" local="130022699532341711" remote="130039591800000000" Dst="0" />
<file name="categoria_vista_arbol.php" server="ftp.a-zetasoft.com" local="129971632802324417" remote="129998142600000000" Dst="0" />
<file name="cCategoria.php" server="ftp.a-zetasoft.com" local="129865066012928977" remote="129998142600000000" Dst="0" />
<file name="cmb_cat_id.php" server="ftp.a-zetasoft.com" local="129983887706874789" remote="129998142600000000" Dst="0" />
<file name="cmb_cat_idp.php" server="ftp.a-zetasoft.com" local="129971636135485063" remote="129998142600000000" Dst="0" />
<file name="categoria_form.php" server="fotografiachiclayo.com//public_html/" local="130021046517792115" remote="130024069800000000" Dst="0" />
<file name="categoria_reg.php" server="fotografiachiclayo.com//public_html/" local="129971636135085040" remote="130002652800000000" Dst="0" />
<file name="categoria_tabla.php" server="fotografiachiclayo.com//public_html/" local="129983861295164126" remote="130002652800000000" Dst="0" />
<file name="categoria_vista.php" server="fotografiachiclayo.com//public_html/" local="130022699532341711" remote="130024069800000000" Dst="0" />
<file name="categoria_vista_arbol.php" server="fotografiachiclayo.com//public_html/" local="129971632802324417" remote="130002652800000000" Dst="0" />
<file name="cCategoria.php" server="fotografiachiclayo.com//public_html/" local="129865066012928977" remote="130002652800000000" Dst="0" />
<file name="cmb_cat_id.php" server="fotografiachiclayo.com//public_html/" local="129983887706874789" remote="130002652800000000" Dst="0" />
<file name="cmb_cat_idp.php" server="fotografiachiclayo.com//public_html/" local="129971636135485063" remote="130002652800000000" Dst="0" />
<file name="index.php" server="fotografiachiclayo.com//public_html/" local="129971693160746721" remote="130002652800000000" Dst="0" />
</dwsync>