<?xml version="1.0" encoding="utf-8" ?>
<dwsync>
<file name="cFormula.php" server="ftp.a-zetasoft.com" local="129997256083576079" remote="130019133600000000" Dst="0" />
<file name="cmb_cli_id.php" server="ftp.a-zetasoft.com" local="129992003234738175" remote="129991971000000000" Dst="0" />
<file name="formula_reg.php" server="ftp.a-zetasoft.com" local="129997257335797590" remote="130019134200000000" Dst="0" />
<file name="formula_form.php" server="ftp.a-zetasoft.com" local="129997261484889458" remote="130019133600000000" Dst="0" />
<file name="formula_tabla.php" server="ftp.a-zetasoft.com" local="129997264530479425" remote="130019134200000000" Dst="0" />
<file name="index.php" server="ftp.a-zetasoft.com" local="129992003278540680" remote="129991971000000000" Dst="0" />
<file name="formula_vista.php" server="ftp.a-zetasoft.com" local="130022700615603378" remote="130039592400000000" Dst="0" />
<file name="cFormula.php" server="granadosllantas.com//public_html/" local="129997256083576079" remote="130039962600000000" Dst="0" />
<file name="cmb_cli_id.php" server="granadosllantas.com//public_html/" local="129992003234738175" remote="130039962600000000" Dst="0" />
<file name="formula_form.php" server="granadosllantas.com//public_html/" local="129997261484889458" remote="130039962600000000" Dst="0" />
<file name="formula_reg.php" server="granadosllantas.com//public_html/" local="129997257335797590" remote="130039962600000000" Dst="0" />
<file name="formula_tabla.php" server="granadosllantas.com//public_html/" local="129997264530479425" remote="130039962600000000" Dst="0" />
<file name="formula_vista.php" server="granadosllantas.com//public_html/" local="130022700615603378" remote="130039962600000000" Dst="0" />
<file name="index.php" server="granadosllantas.com//public_html/" local="129992003278540680" remote="130039962600000000" Dst="0" />
<file name="manFormula.php" server="granadosllantas.com//public_html/" local="129971637017765526" remote="130039962600000000" Dst="0" />
<file name="cFormula.php" server="fotografiachiclayo.com//public_html/" local="129997256083576079" remote="130002653400000000" Dst="0" />
<file name="cmb_cli_id.php" server="fotografiachiclayo.com//public_html/" local="129992003234738175" remote="130002653400000000" Dst="0" />
<file name="formula_form.php" server="fotografiachiclayo.com//public_html/" local="129997261484889458" remote="130002653400000000" Dst="0" />
<file name="formula_reg.php" server="fotografiachiclayo.com//public_html/" local="129997257335797590" remote="130002653400000000" Dst="0" />
<file name="formula_tabla.php" server="fotografiachiclayo.com//public_html/" local="129997264530479425" remote="130002653400000000" Dst="0" />
<file name="formula_vista.php" server="fotografiachiclayo.com//public_html/" local="130022700615603378" remote="130024070400000000" Dst="0" />
<file name="index.php" server="fotografiachiclayo.com//public_html/" local="129992003278540680" remote="130002653400000000" Dst="0" />
<file name="manFormula.php" server="fotografiachiclayo.com//public_html/" local="129971637017765526" remote="130002653400000000" Dst="0" />
<file name="manFormula.php" server="ftp.a-zetasoft.com" local="129971637017765526" remote="130019134200000000" Dst="0" />
</dwsync>