<?xml version="1.0" encoding="utf-8" ?>
<dwsync>
<file name="cGasto.php" server="granadosllantas.com//public_html/" local="130228036972822722" remote="130230198000000000" Dst="0" />
<file name="gasto_filtro.php" server="granadosllantas.com//public_html/" local="130227327658998745" remote="130230198000000000" Dst="0" />
<file name="gasto_form.php" server="granadosllantas.com//public_html/" local="130215152488373241" remote="130230198000000000" Dst="0" />
<file name="gasto_reg.php" server="granadosllantas.com//public_html/" local="130227326600438199" remote="130230198000000000" Dst="0" />
<file name="gasto_reporte.php" server="granadosllantas.com//public_html/" local="129969088823637846" remote="130230198000000000" Dst="0" />
<file name="gasto_reporte_xls.php" server="granadosllantas.com//public_html/" local="129969120690970553" remote="130230198000000000" Dst="0" />
<file name="gasto_tabla.php" server="granadosllantas.com//public_html/" local="130227329023536792" remote="130230198000000000" Dst="0" />
<file name="gasto_vista.php" server="granadosllantas.com//public_html/" local="130083607320191388" remote="130083649200000000" Dst="0" />
<file name="index.php" server="granadosllantas.com//public_html/" local="130045989091448300" remote="130230198000000000" Dst="0" />
<file name="cGasto.php" server="ftp.a-zetasoft.com" local="130046923646999202" remote="130048175400000000" Dst="0" />
<file name="gasto_filtro.php" server="ftp.a-zetasoft.com" local="130046924189370224" remote="130048175400000000" Dst="0" />
<file name="gasto_form.php" server="ftp.a-zetasoft.com" local="130046922300532189" remote="130048175400000000" Dst="0" />
<file name="gasto_reg.php" server="ftp.a-zetasoft.com" local="130046922848363523" remote="130048175400000000" Dst="0" />
<file name="gasto_reporte.php" server="ftp.a-zetasoft.com" local="129969088823637846" remote="130048175400000000" Dst="0" />
<file name="gasto_reporte_xls.php" server="ftp.a-zetasoft.com" local="129969120690970553" remote="130048175400000000" Dst="0" />
<file name="gasto_tabla.php" server="ftp.a-zetasoft.com" local="130046923527202350" remote="130048175400000000" Dst="0" />
<file name="gasto_vista.php" server="ftp.a-zetasoft.com" local="130045990536520954" remote="130048175400000000" Dst="0" />
<file name="index.php" server="ftp.a-zetasoft.com" local="130045989091448300" remote="130048175400000000" Dst="0" />
<file name="gasto_complete_des.php" server="granadosllantas.com//public_html/" local="130052111230017386" remote="130230198000000000" Dst="0" />
<file name="gasto_vista_ejec.php" server="granadosllantas.com//public_html/" local="130226997176776274" remote="130226997600000000" Dst="0" />
<file name="gasto_filtro_ejec.php" server="granadosllantas.com//public_html/" local="130226996592892877" remote="130226997600000000" Dst="0" />
</dwsync>