<?xml version="1.0" encoding="utf-8" ?>
<dwsync>
<file name="cmb_caj_id.php" server="granadosllantas.com//public_html/" local="130064546993007435" remote="130064604600000000" Dst="0" />
<file name="cmb_ref_id.php" server="granadosllantas.com//public_html/" local="130064546993477462" remote="130064604600000000" Dst="0" />
<file name="cCaja.php" server="granadosllantas.com//public_html/" local="130084529245914106" remote="130086701400000000" Dst="0" />
<file name="cReferencia.php" server="granadosllantas.com//public_html/" local="130064546779065198" remote="130064604600000000" Dst="0" />
<file name="index.php" server="granadosllantas.com//public_html/" local="130064546991527350" remote="130064604600000000" Dst="0" />
<file name="marca_form.php" server="granadosllantas.com//public_html/" local="130064546993127442" remote="130064604600000000" Dst="0" />
<file name="marca_reg.php" server="granadosllantas.com//public_html/" local="130064546993247449" remote="130064604600000000" Dst="0" />
<file name="marca_tabla.php" server="granadosllantas.com//public_html/" local="130064546993607469" remote="130064604600000000" Dst="0" />
<file name="marca_vista.php" server="granadosllantas.com//public_html/" local="130064546994777536" remote="130064604600000000" Dst="0" />
<file name="cmb_caj_id_tra.php" server="granadosllantas.com//public_html/" local="130084599715494735" remote="130086701400000000" Dst="0" />
</dwsync>