<?xml version="1.0" encoding="utf-8" ?>
<dwsync>
<file name="cTransporte.php" server="ftp.a-zetasoft.com" local="130014092954574325" remote="130013077200000000" Dst="0" />
<file name="cmb_tra_id.php" server="ftp.a-zetasoft.com" local="130014092954574325" remote="130013077200000000" Dst="0" />
<file name="index.php" server="ftp.a-zetasoft.com" local="130014092954624328" remote="130013077200000000" Dst="0" />
<file name="tra_cli_id.php" server="ftp.a-zetasoft.com" local="130014093007377345" remote="129982864200000000" Dst="0" />
<file name="transporte_complete_doc.php" server="ftp.a-zetasoft.com" local="130014093007387346" remote="129982864200000000" Dst="0" />
<file name="transporte_complete_nom.php" server="ftp.a-zetasoft.com" local="130014093007457350" remote="129982864200000000" Dst="0" />
<file name="transporte_complete_razsoc.php" server="ftp.a-zetasoft.com" local="130014093063280543" remote="130013077200000000" Dst="0" />
<file name="transporte_complete_ruc.php" server="ftp.a-zetasoft.com" local="130014093063290543" remote="130013077200000000" Dst="0" />
<file name="transporte_form.php" server="ftp.a-zetasoft.com" local="130014093063460553" remote="130013077200000000" Dst="0" />
<file name="transporte_reg.php" server="ftp.a-zetasoft.com" local="130014093115763544" remote="130013077200000000" Dst="0" />
<file name="transporte_tabla.php" server="ftp.a-zetasoft.com" local="130014093115763544" remote="130013077200000000" Dst="0" />
<file name="transporte_vista.php" server="ftp.a-zetasoft.com" local="130022702195073406" remote="130039594200000000" Dst="0" />
<file name="cmb_tra_id.php" server="granadosllantas.com//public_html/" local="130014092954574325" remote="130039964400000000" Dst="0" />
<file name="cTransporte.php" server="granadosllantas.com//public_html/" local="130014092954574325" remote="130039964400000000" Dst="0" />
<file name="index.php" server="granadosllantas.com//public_html/" local="130014092954624328" remote="130039964400000000" Dst="0" />
<file name="transporte_complete_doc.php" server="granadosllantas.com//public_html/" local="130014093007387346" remote="130039964400000000" Dst="0" />
<file name="transporte_complete_nom.php" server="granadosllantas.com//public_html/" local="130014093007457350" remote="130039964400000000" Dst="0" />
<file name="transporte_complete_razsoc.php" server="granadosllantas.com//public_html/" local="130014093063280543" remote="130039964400000000" Dst="0" />
<file name="transporte_complete_ruc.php" server="granadosllantas.com//public_html/" local="130014093063290543" remote="130039964400000000" Dst="0" />
<file name="transporte_form.php" server="granadosllantas.com//public_html/" local="130014093063460553" remote="130039964400000000" Dst="0" />
<file name="transporte_reg.php" server="granadosllantas.com//public_html/" local="130014093115763544" remote="130039964400000000" Dst="0" />
<file name="transporte_tabla.php" server="granadosllantas.com//public_html/" local="130014093115763544" remote="130039964400000000" Dst="0" />
<file name="transporte_vista.php" server="granadosllantas.com//public_html/" local="130022702195073406" remote="130039964400000000" Dst="0" />
<file name="tra_cli_id.php" server="granadosllantas.com//public_html/" local="130014093007377345" remote="130039964400000000" Dst="0" />
<file name="cTransporte.php" server="fotografiachiclayo.com//public_html/" local="130014092954574325" remote="130024071000000000" Dst="0" />
<file name="index.php" server="fotografiachiclayo.com//public_html/" local="130014092954624328" remote="130024071000000000" Dst="0" />
<file name="cmb_tra_id.php" server="fotografiachiclayo.com//public_html/" local="130014092954574325" remote="130024071000000000" Dst="0" />
<file name="transporte_complete_doc.php" server="fotografiachiclayo.com//public_html/" local="130014093007387346" remote="130024071000000000" Dst="0" />
<file name="transporte_complete_nom.php" server="fotografiachiclayo.com//public_html/" local="130014093007457350" remote="130024071000000000" Dst="0" />
<file name="transporte_complete_razsoc.php" server="fotografiachiclayo.com//public_html/" local="130014093063280543" remote="130024071000000000" Dst="0" />
<file name="transporte_complete_ruc.php" server="fotografiachiclayo.com//public_html/" local="130014093063290543" remote="130024071000000000" Dst="0" />
<file name="transporte_form.php" server="fotografiachiclayo.com//public_html/" local="130014093063460553" remote="130024071000000000" Dst="0" />
<file name="transporte_reg.php" server="fotografiachiclayo.com//public_html/" local="130014093115763544" remote="130024071000000000" Dst="0" />
<file name="transporte_tabla.php" server="fotografiachiclayo.com//public_html/" local="130014093115763544" remote="130024071000000000" Dst="0" />
<file name="transporte_vista.php" server="fotografiachiclayo.com//public_html/" local="130022702195073406" remote="130024071000000000" Dst="0" />
<file name="tra_cli_id.php" server="fotografiachiclayo.com//public_html/" local="130014093007377345" remote="130024071000000000" Dst="0" />
</dwsync>