<?xml version="1.0" encoding="utf-8" ?>
<dwsync>
<file name="cCompra.php" server="granadosllantas.com//public_html/" local="130086657039332636" remote="130086701400000000" Dst="0" />
<file name="compra_detalle_tabla.php" server="granadosllantas.com//public_html/" local="130099289284126065" remote="130099290600000000" Dst="0" />
<file name="compra_form.php" server="granadosllantas.com//public_html/" local="130099289194950965" remote="130099290600000000" Dst="0" />
<file name="compra_reg.php" server="granadosllantas.com//public_html/" local="130086657094695803" remote="130086701400000000" Dst="0" />
<file name="compra_filtro.php" server="granadosllantas.com//public_html/" local="130086302493548729" remote="130086701400000000" Dst="0" />
<file name="compra_reporte_xls.php" server="granadosllantas.com//public_html/" local="130086300643252899" remote="130086701400000000" Dst="0" />
<file name="compra_tabla.php" server="granadosllantas.com//public_html/" local="130099282134177111" remote="130099290600000000" Dst="0" />
<file name="compra_vista_adm.php" server="granadosllantas.com//public_html/" local="130211616155362359" remote="130211616000000000" Dst="0" />
<file name="error_log" server="granadosllantas.com//public_html/" local="130086300643942938" remote="130086701400000000" Dst="0" />
<file name="gasto_tabla.php" server="granadosllantas.com//public_html/" local="130086692365423173" remote="130086701400000000" Dst="0" />
<file name="index.php" server="granadosllantas.com//public_html/" local="130086302491598618" remote="130086701400000000" Dst="0" />
<file name="compra_editar.php" server="granadosllantas.com//public_html/" local="130099269564658176" remote="130099290600000000" Dst="0" />
</dwsync>