<?xml version="1.0" encoding="utf-8" ?>
<dwsync>
<file name="cCuenta.php" server="granadosllantas.com//public_html/" local="130064128780224647" remote="130064604600000000" Dst="0" />
<file name="cElemento.php" server="granadosllantas.com//public_html/" local="130064125200769914" remote="130064604600000000" Dst="0" />
<file name="cmb_cue_id.php" server="granadosllantas.com//public_html/" local="130064125315436473" remote="130064604600000000" Dst="0" />
<file name="cmb_subcue_id.php" server="granadosllantas.com//public_html/" local="130064125315586481" remote="130064604600000000" Dst="0" />
<file name="cSubcuenta.php" server="granadosllantas.com//public_html/" local="130064128967215343" remote="130064604600000000" Dst="0" />
<file name="index.php" server="granadosllantas.com//public_html/" local="130064127010000000" remote="130064604600000000" Dst="0" />
<file name="manCuentas.php" server="granadosllantas.com//public_html/" local="130064131441436860" remote="130064604600000000" Dst="0" />
<file name="rCuenta.php" server="granadosllantas.com//public_html/" local="130064125318676658" remote="130064604600000000" Dst="0" />
<file name="rSubcuenta.php" server="granadosllantas.com//public_html/" local="130064125318766663" remote="130064604600000000" Dst="0" />
</dwsync>