<?xml version="1.0" encoding="utf-8" ?>
<dwsync>
<file name="cEncarte.php" server="granadosllantas.com//public_html/" local="130349629624677845" remote="130349623800000000" Dst="0" />
<file name="cEncarte_catalogo.php" server="granadosllantas.com//public_html/" local="130349655215838000" remote="130349624400000000" Dst="0" />
<file name="encarte_anular.php" server="granadosllantas.com//public_html/" local="130349656913215085" remote="130349621400000000" Dst="0" />
<file name="compra_reporte_xls.php" server="granadosllantas.com//public_html/" local="130263705473247046" remote="130265173800000000" Dst="0" />
<file name="encarte_car_item.php" server="granadosllantas.com//public_html/" local="130283100682797203" remote="130283122800000000" Dst="0" />
<file name="compra_reporte.php" server="granadosllantas.com//public_html/" local="130263730705020221" remote="130265173800000000" Dst="0" />
<file name="encarte_car.php" server="granadosllantas.com//public_html/" local="130283099207522822" remote="130283123400000000" Dst="0" />
<file name="encarte_car_item_reg.php" server="granadosllantas.com//public_html/" local="130265132847175052" remote="130265173800000000" Dst="0" />
<file name="encarte_detalle_tabla.php" server="granadosllantas.com//public_html/" local="130283108687145025" remote="130283122800000000" Dst="0" />
<file name="encarte_car_prorrateo.php" server="granadosllantas.com//public_html/" local="130263739451870513" remote="130265173800000000" Dst="0" />
<file name="encarte_filtro.php" server="granadosllantas.com//public_html/" local="130265052358663735" remote="130265173800000000" Dst="0" />
<file name="encarte_form.php" server="granadosllantas.com//public_html/" local="130283098508852860" remote="130283123400000000" Dst="0" />
<file name="encarte_tabla_detalle.php" server="granadosllantas.com//public_html/" local="130263736339522496" remote="130265174400000000" Dst="0" />
<file name="encarte_tabla.php" server="granadosllantas.com//public_html/" local="130265112079787225" remote="130265174400000000" Dst="0" />
<file name="index.php" server="granadosllantas.com//public_html/" local="130263706117803913" remote="130265174400000000" Dst="0" />
<file name="encarte_vista_adm.php" server="granadosllantas.com//public_html/" local="130265110342887880" remote="130265174400000000" Dst="0" />
<file name="encarte_reg.php" server="granadosllantas.com//public_html/" local="130349656810000000" remote="130349621400000000" Dst="0" />
</dwsync>