<?xml version="1.0" encoding="utf-8" ?>
<dwsync>
<file name="cEntfinanciera.php" server="granadosllantas.com//public_html/" local="129917717355784951" remote="130046118600000000" Dst="0" />
<file name="cmb_entfin_id.php" server="granadosllantas.com//public_html/" local="130045611132034362" remote="130046118600000000" Dst="0" />
<file name="index.php" server="granadosllantas.com//public_html/" local="130045608019486335" remote="130046118600000000" Dst="0" />
<file name="manEntfinanciera.php" server="granadosllantas.com//public_html/" local="130045609675781070" remote="130046118600000000" Dst="0" />
<file name="rEntfinanciera.php" server="granadosllantas.com//public_html/" local="130045609982068588" remote="130046118600000000" Dst="0" />
<file name="cEntfinanciera.php" server="ftp.a-zetasoft.com" local="129917717355784951" remote="130048174800000000" Dst="0" />
<file name="cmb_entfin_id.php" server="ftp.a-zetasoft.com" local="130045611132034362" remote="130048174800000000" Dst="0" />
<file name="index.php" server="ftp.a-zetasoft.com" local="130045608019486335" remote="130048174800000000" Dst="0" />
<file name="manEntfinanciera.php" server="ftp.a-zetasoft.com" local="130045609675781070" remote="130048174800000000" Dst="0" />
<file name="rEntfinanciera.php" server="ftp.a-zetasoft.com" local="130045609982068588" remote="130048174800000000" Dst="0" />
</dwsync>