<?xml version="1.0" encoding="utf-8" ?>
<dwsync>
<file name="cDocumento.php" server="granadosllantas.com//public_html/" local="130027552715682892" remote="130039962000000000" Dst="0" />
<file name="cmb_doc_id.php" server="granadosllantas.com//public_html/" local="130021507350982900" remote="130039962000000000" Dst="0" />
<file name="documento_form.php" server="granadosllantas.com//public_html/" local="130027581081695335" remote="130039962000000000" Dst="0" />
<file name="documento_reg.php" server="granadosllantas.com//public_html/" local="129971636580840536" remote="130039962000000000" Dst="0" />
<file name="documento_tabla.php" server="granadosllantas.com//public_html/" local="130027579103222173" remote="130039962000000000" Dst="0" />
<file name="documento_vista.php" server="granadosllantas.com//public_html/" local="130022700325770195" remote="130039962000000000" Dst="0" />
<file name="index.php" server="granadosllantas.com//public_html/" local="129980324582325032" remote="130039962000000000" Dst="0" />
<file name="documento_form.php" server="fotografiachiclayo.com//public_html/" local="130021490169260162" remote="130024070400000000" Dst="0" />
<file name="cmb_doc_id.php" server="fotografiachiclayo.com//public_html/" local="130021507350982900" remote="130024070400000000" Dst="0" />
<file name="cDocumento.php" server="fotografiachiclayo.com//public_html/" local="129865040978035867" remote="130002646200000000" Dst="0" />
<file name="documento_reg.php" server="fotografiachiclayo.com//public_html/" local="129971636580840536" remote="130002646200000000" Dst="0" />
<file name="documento_tabla.php" server="fotografiachiclayo.com//public_html/" local="130021490751333455" remote="130024070400000000" Dst="0" />
<file name="documento_vista.php" server="fotografiachiclayo.com//public_html/" local="130022700325770195" remote="130024070400000000" Dst="0" />
<file name="index.php" server="fotografiachiclayo.com//public_html/" local="129980324582325032" remote="130002646200000000" Dst="0" />
<file name="cDocumento.php" server="ftp.a-zetasoft.com" local="130027552715682892" remote="130039592400000000" Dst="0" />
<file name="cmb_doc_id.php" server="ftp.a-zetasoft.com" local="130021507350982900" remote="130039592400000000" Dst="0" />
<file name="documento_reg.php" server="ftp.a-zetasoft.com" local="129971636580840536" remote="130019133600000000" Dst="0" />
<file name="documento_tabla.php" server="ftp.a-zetasoft.com" local="130027579103222173" remote="130039592400000000" Dst="0" />
<file name="documento_form.php" server="ftp.a-zetasoft.com" local="130027581081695335" remote="130039592400000000" Dst="0" />
<file name="documento_vista.php" server="ftp.a-zetasoft.com" local="130022700325770195" remote="130039592400000000" Dst="0" />
<file name="index.php" server="ftp.a-zetasoft.com" local="129980324582325032" remote="130019133600000000" Dst="0" />
</dwsync>