<?xml version="1.0" encoding="utf-8" ?>
<dwsync>
<file name="enletras.php" server="granadosllantas.com//public_html/" local="129849626552350279" remote="130039962600000000" Dst="0" />
<file name="formato.php" server="granadosllantas.com//public_html/" local="130004417956622531" remote="130039962600000000" Dst="0" />
<file name="formatos.php" server="granadosllantas.com//public_html/" local="129839991610000000" remote="130039962600000000" Dst="0" />
<file name="numletras.php" server="granadosllantas.com//public_html/" local="130016660005460743" remote="130039962600000000" Dst="0" />
<file name="operaciones.php" server="granadosllantas.com//public_html/" local="129860709656877735" remote="130039962600000000" Dst="0" />
<file name="enletras.php" server="ftp.a-zetasoft.com" local="129849626552350279" remote="129998334600000000" Dst="0" />
<file name="formato.php" server="ftp.a-zetasoft.com" local="130004417956622531" remote="130019133600000000" Dst="0" />
<file name="formatos.php" server="ftp.a-zetasoft.com" local="129839991610000000" remote="129998334600000000" Dst="0" />
<file name="numletras.php" server="ftp.a-zetasoft.com" local="130016660005460743" remote="130019133600000000" Dst="0" />
<file name="operaciones.php" server="ftp.a-zetasoft.com" local="129860709656877735" remote="129998334600000000" Dst="0" />
<file name="enletras.php" server="fotografiachiclayo.com//public_html/" local="129849626552350279" remote="130012020600000000" Dst="0" />
<file name="formato.php" server="fotografiachiclayo.com//public_html/" local="130004417956622531" remote="130012020600000000" Dst="0" />
<file name="formatos.php" server="fotografiachiclayo.com//public_html/" local="129839991610000000" remote="130012020600000000" Dst="0" />
<file name="numletras.php" server="fotografiachiclayo.com//public_html/" local="130016660005460743" remote="130024070400000000" Dst="0" />
<file name="operaciones.php" server="fotografiachiclayo.com//public_html/" local="129860709656877735" remote="130012020600000000" Dst="0" />
<file name="mysql.php" server="granadosllantas.com//public_html/" local="130026164823285916" remote="130039962600000000" Dst="0" />
<file name="Mysql.php" server="granadosllantas.com//public_html/" local="130026164823285916" remote="130026330600000000" Dst="0" />
<file name="mysql.php" server="ftp.a-zetasoft.com" local="130026164823285916" remote="130039592400000000" Dst="0" />
<file name="fechas.php" server="granadosllantas.com//public_html/" local="130046948571234787" remote="130047299400000000" Dst="0" />
<file name="fechas.php" server="ftp.a-zetasoft.com" local="130046948571234787" remote="130047943200000000" Dst="0" />
</dwsync>