<?xml version="1.0" encoding="utf-8" ?>
<dwsync>
<file name="cEmpresa.php" server="granadosllantas.com//public_html/" local="130012419959290842" remote="130039962000000000" Dst="0" />
<file name="empresa_form.php" server="granadosllantas.com//public_html/" local="129974700143047897" remote="130039962000000000" Dst="0" />
<file name="empresa_reg.php" server="granadosllantas.com//public_html/" local="129974700434394561" remote="130039962000000000" Dst="0" />
<file name="empresa_tabla.php" server="granadosllantas.com//public_html/" local="130212219232408010" remote="130212219000000000" Dst="0" />
<file name="empresa_vista.php" server="granadosllantas.com//public_html/" local="130012412184786166" remote="130039962000000000" Dst="0" />
<file name="index.php" server="granadosllantas.com//public_html/" local="129974692395504762" remote="130039962600000000" Dst="0" />
<file name="cEmpresa.php" server="fotografiachiclayo.com//public_html/" local="130012419959290842" remote="130012423200000000" Dst="0" />
<file name="empresa_form.php" server="fotografiachiclayo.com//public_html/" local="129974700143047897" remote="129986472000000000" Dst="0" />
<file name="empresa_reg.php" server="fotografiachiclayo.com//public_html/" local="129974700434394561" remote="129986472000000000" Dst="0" />
<file name="empresa_tabla.php" server="fotografiachiclayo.com//public_html/" local="129974699043324996" remote="129986472000000000" Dst="0" />
<file name="empresa_vista.php" server="fotografiachiclayo.com//public_html/" local="130012412184786166" remote="130012745400000000" Dst="0" />
<file name="index.php" server="fotografiachiclayo.com//public_html/" local="129974692395504762" remote="129986472000000000" Dst="0" />
<file name="empresa_seleccionar.php" server="fotografiachiclayo.com//public_html/" local="130022243984679617" remote="130024070400000000" Dst="0" />
<file name="cmb_emp_id.php" server="fotografiachiclayo.com//public_html/" local="130012376640513150" remote="130012423200000000" Dst="0" />
<file name="cmb_emp_id.php" server="granadosllantas.com//public_html/" local="130012376640513150" remote="130039962000000000" Dst="0" />
<file name="empresa_seleccionar.php" server="granadosllantas.com//public_html/" local="130022243984679617" remote="130039962000000000" Dst="0" />
<file name="cEmpresa.php" server="ftp.a-zetasoft.com" local="130012419959290842" remote="130019133600000000" Dst="0" />
<file name="cmb_emp_id.php" server="ftp.a-zetasoft.com" local="130012376640513150" remote="130019133600000000" Dst="0" />
<file name="empresa_form.php" server="ftp.a-zetasoft.com" local="129974700143047897" remote="130019133600000000" Dst="0" />
<file name="empresa_reg.php" server="ftp.a-zetasoft.com" local="129974700434394561" remote="130019133600000000" Dst="0" />
<file name="empresa_seleccionar.php" server="ftp.a-zetasoft.com" local="130022243984679617" remote="130039592400000000" Dst="0" />
<file name="empresa_tabla.php" server="ftp.a-zetasoft.com" local="129974699043324996" remote="130019133600000000" Dst="0" />
<file name="empresa_vista.php" server="ftp.a-zetasoft.com" local="130012412184786166" remote="130019133600000000" Dst="0" />
<file name="index.php" server="ftp.a-zetasoft.com" local="129974692395504762" remote="130019133600000000" Dst="0" />
</dwsync>